Modules,Lines of Code (LOC),,,Number of Classes (NOC),,
,Minimum,Maximum,Range,Minimum,Maximum,Range
installer,1263,7378,6115,26,49,23
org.gjt.sp.jedit.browser,2131,5774,3643,23,64,41
org.gjt.sp.jedit.bsh,19575,37417,17842,71,129,58
org.gjt.sp.jedit.buffer,1801,5262,3461,17,28,11
org.gjt.sp.jedit.gui,5716,24454,18738,68,316,248
org.gjt.sp.jedit.io,1988,4585,2597,10,33,23
org.gjt.sp.jedit.msg,587,1196,609,10,18,8
org.gjt.sp.jedit.options,3679,7926,4247,55,112,57
org.gjt.sp.jedit.pluginmgr,1969,4977,3008,31,72,41
org.gjt.sp.jedit.print,315,4723,4408,3,58,55
org.gjt.sp.jedit.search,2595,5967,3372,28,63,35
org.gjt.sp.jedit.syntax,2146,5094,2948,10,23,13
org.gjt.sp.jedit.textarea,5152,18729,13577,17,77,60
org.gjt.sp.util,1042,4459,3417,10,38,28
